{
  "basic_stats": {
    "mean_length": 24.4,
    "min_length": 15,
    "max_length": 53,
    "std_length": 14.347125147568763
  },
  "amino_acid_composition": {
    "M": 0.03278688524590164,
    "A": 0.11475409836065574,
    "K": 0.07377049180327869,
    "L": 0.1557377049180328,
    "I": 0.04918032786885246,
    "T": 0.08196721311475409,
    "C": 0.05737704918032787,
    "V": 0.08196721311475409,
    "W": 0.02459016393442623,
    "F": 0.040983606557377046,
    "S": 0.05737704918032787,
    "Y": 0.00819672131147541,
    "G": 0.07377049180327869,
    "E": 0.04918032786885246,
    "Q": 0.01639344262295082,
    "H": 0.03278688524590164,
    "D": 0.02459016393442623,
    "R": 0.01639344262295082,
    "P": 0.00819672131147541
  },
  "diversity": {
    "sequence_diversity": 21.494949494949495,
    "unique_sequences": 5,
    "uniqueness_ratio": 0.05
  },
  "novelty": {
    "novelty_score": 0.0
  },
  "composition_analysis": {
    "reference_composition": {
      "M": 0.03278688524590164,
      "A": 0.11475409836065574,
      "K": 0.07377049180327869,
      "L": 0.1557377049180328,
      "I": 0.04918032786885246,
      "T": 0.08196721311475409,
      "C": 0.05737704918032787,
      "V": 0.08196721311475409,
      "W": 0.02459016393442623,
      "F": 0.040983606557377046,
      "S": 0.05737704918032787,
      "Y": 0.00819672131147541,
      "G": 0.07377049180327869,
      "E": 0.04918032786885246,
      "Q": 0.01639344262295082,
      "H": 0.03278688524590164,
      "D": 0.02459016393442623,
      "R": 0.01639344262295082,
      "P": 0.00819672131147541
    },
    "composition_differences": {
      "M": 0.0,
      "Y": 0.0,
      "Q": 0.0,
      "E": 0.0,
      "R": 0.0,
      "S": 0.0,
      "G": 0.0,
      "P": 0.0,
      "L": 0.0,
      "C": 0.0,
      "F": 0.0,
      "H": 0.0,
      "V": 0.0,
      "T": 0.0,
      "W": 0.0,
      "I": 0.0,
      "K": 0.0,
      "D": 0.0,
      "A": 0.0
    },
    "total_composition_error": 0.0
  }
}